Question,Answer
1. What is correlation in statistics and how is it measured?,"Correlation in statistics is a measure that expresses the extent to which two variables are linearly related. It is a statistical tool used to describe simple relationships between variables without implying causation. Correlation coefficients range from -1 to 1, with 0 indicating no linear relationship, 1 indicating a perfect positive linear relationship, and -1 indicating a perfect negative linear relationship."
2. Explain the importance of correlation in statistics and provide examples of how it can be used.,"Correlation is important in statistics because it helps identify relationships between variables, make predictions, and develop causal models. For example, in business, correlation can be used to understand the relationship between sales and advertising spending to make better marketing decisions. In finance, it can help identify the relationship between different financial assets to build diversified portfolios. In medicine, correlation can be used to identify risk factors for diseases and treatment effectiveness. In psychology, it can help identify relationships between psychological variables for better assessments and treatments. Overall, correlation is a powerful tool used in various fields to improve decision-making and outcomes."
"3. How can correlation be used to identify relationships between variables in different fields such as business, finance, medicine, and psychology?","Correlation can be used in various fields to identify relationships between variables. In business, it can help identify relationships between factors like sales, advertising spending, and customer satisfaction. In finance, it can reveal connections between financial assets such as stocks, bonds, and commodities. In medicine, correlation can highlight relationships between risk factors for diseases and treatment effectiveness. In psychology, it can uncover connections between psychological variables like personality traits and mental disorders. By analyzing correlations, professionals in these fields can better understand the relationships between different factors and make informed decisions based on the insights gained."
"4. What is the difference between correlation and causation, and why is it important to understand this distinction?","The difference between correlation and causation is that correlation refers to a relationship between two variables where a change in one variable is associated with a change in another variable, while causation refers to a relationship where a change in one variable directly causes a change in another variable. It is important to understand this distinction because just because two variables are correlated, it does not mean that one variable causes the other. Understanding this difference helps prevent making incorrect assumptions or decisions based solely on correlation without considering other factors that may be influencing the relationship between the variables."
"5. Provide examples of how correlation is used in the real world in fields such as marketing, finance, medicine, and psychology.","1. A marketing manager might use correlation to identify the relationship between advertising spending and sales. This information could be used to decide how much money to allocate to advertising.
2. A financial analyst might use correlation to identify the relationship between the returns of different stocks. This information could be used to build a portfolio of stocks that is diversified and has a lower overall risk.
3. A medical researcher might use correlation to identify the relationship between smoking and lung cancer. This information could be used to develop public health campaigns to discourage smoking.
4. A psychologist might use correlation to identify the relationship between anxiety and depression. This information could be used to develop more effective treatments for anxiety and depression."
6. How can correlation be used to make predictions and develop causal models?,"Correlation can be used to make predictions by identifying a strong relationship between two variables. If a strong correlation exists, the value of one variable can be used to predict the value of the other variable. This predictive power can be useful in various fields like business, finance, and medicine. 

Moreover, correlation can be used as a starting point for developing causal models. By understanding the relationship between variables through correlation, researchers can further investigate and develop causal models that describe how changes in one variable cause changes in other variables. These causal models can help make more accurate predictions and develop interventions to influence specific variables."
7. Why is it important to consider external factors when interpreting correlations between variables?,"It is important to consider external factors when interpreting correlations between variables because correlation does not imply causation. External factors, also known as confounding variables, can influence the relationship between the variables being studied. Failing to account for these external factors can lead to incorrect interpretations of the correlation. By considering external factors, researchers can better understand the true nature of the relationship between variables and make more accurate conclusions."
8. How does correlation help in making better decisions and improving outcomes in various fields?,"Correlation helps in making better decisions and improving outcomes in various fields by identifying relationships between variables, making predictions based on those relationships, and developing causal models. By understanding how variables are related, professionals in fields like business, finance, medicine, and psychology can make informed decisions, allocate resources effectively, reduce risks, and develop interventions to improve outcomes. Additionally, correlation can help in developing more accurate predictions and interventions, ultimately leading to better decision-making and improved results in different areas of study and practice."
9. Can you explain a scenario where correlation was misinterpreted and led to incorrect conclusions?,"One classic example of correlation being misinterpreted and leading to incorrect conclusions is the correlation between ice cream sales and shark attacks. These two variables are positively correlated, meaning that as ice cream sales increase, so do shark attacks. However, it would be incorrect to conclude that eating ice cream causes shark attacks or vice versa. In reality, the correlation between these two variables is due to a third variable, which is hot weather. Hot weather leads to an increase in both ice cream sales and people swimming in the ocean, which in turn increases the likelihood of shark attacks. This example highlights the importance of not assuming causation based solely on correlation."
10. How can coders or programmers effectively utilize correlation in their data analysis and decision-making processes?,"Coders or programmers can effectively utilize correlation in their data analysis and decision-making processes by incorporating correlation analysis into their coding practices. They can use statistical programming languages like Python, R, or MATLAB to calculate correlation coefficients between variables in their datasets. By understanding the relationships between different variables, coders can make informed decisions about feature selection, model building, and data visualization. Correlation analysis can help programmers identify patterns, trends, and dependencies in their data, leading to more accurate predictions and improved outcomes in their coding projects."
